{
  "SPEEDING" : 7.07472E7,
  "DRUNK" : 3.88416E7,
  "PARKING" : 1.52592E7,
  "NIGHT_LIGHTS" : 1.0404E7
}